Area,FYear,Quarter,Species,Landed_kg,Released_kg
3B,1957,Oct-Dec,222,1221.536787,0
3B,1958,Oct-Dec,222,4346.820285,0
3B,1960,Oct-Dec,222,249.0247664,0
3B,1961,Jan-Mar,222,22170.46176,0
3B,1961,Oct-Dec,222,1269.618071,0
3B,1962,Jan-Mar,222,244.0351991,0
3B,1962,Oct-Dec,222,2357.343736,0
3B,1963,Jan-Mar,222,60.78200127,0
3B,1963,Oct-Dec,222,8155.674499,0
3B,1964,Jul-Sep,222,117.9352263,0
3B,1964,Oct-Dec,222,12398.16747,0
3B,1966,Jan-Mar,222,972.5120203,0
3B,1967,Apr-Jun,222,92.53379298,0
3B,1967,Jan-Mar,222,3211.92053,0
3B,1967,Oct-Dec,222,3643.744897,0
3B,1968,Apr-Jun,222,6.803955366,0
3B,1968,Jan-Mar,222,41.73092625,0
3B,1968,Oct-Dec,222,28.12301551,0
3B,1970,Jan-Mar,222,85.27624059,0
3B,1970,Oct-Dec,222,997.9134537,0
3B,1971,Oct-Dec,222,138.3470924,0
3CD,1953,Jan-Mar,222,64308.26454,0
3CD,1954,Apr-Jun,222,792095.1647,0
3CD,1954,Jan-Mar,222,8802.503856,0
3CD,1954,Jul-Sep,222,234437.9933,0
3CD,1954,Oct-Dec,222,19305.08936,0
3CD,1955,Apr-Jun,222,464743.7177,0
3CD,1955,Jan-Mar,222,188924.4,0
3CD,1955,Jul-Sep,222,131998.0949,0
3CD,1955,Oct-Dec,222,14027.94158,0
3CD,1956,Apr-Jun,222,876582,0
3CD,1956,Jan-Mar,222,207068.4,0
3CD,1956,Jul-Sep,222,173275.2,0
3CD,1956,Oct-Dec,222,228160.8,0
3CD,1957,Apr-Jun,222,1138309.2,0
3CD,1957,Jan-Mar,222,67132.8,0
3CD,1957,Jul-Sep,222,391456.8,0
3CD,1957,Oct-Dec,222,77792.4,0
3CD,1958,Apr-Jun,222,482403.6,0
3CD,1958,Jan-Mar,222,14515.2,0
3CD,1958,Jul-Sep,222,165564,0
3CD,1958,Oct-Dec,222,134946,0
3CD,1959,Apr-Jun,222,604875.6,0
3CD,1959,Jan-Mar,222,34020,0
3CD,1959,Jul-Sep,222,150822,0
3CD,1959,Oct-Dec,222,136533.6,0
3CD,1960,Apr-Jun,222,343602,0
3CD,1960,Jan-Mar,222,14515.2,0
3CD,1960,Jul-Sep,222,171460.8,0
3CD,1960,Oct-Dec,222,86637.6,0
3CD,1961,Apr-Jun,222,247892.4,0
3CD,1961,Jan-Mar,222,111132,0
3CD,1961,Jul-Sep,222,112719.6,0
3CD,1961,Oct-Dec,222,44679.6,0
3CD,1962,Apr-Jun,222,323416.8,0
3CD,1962,Jan-Mar,222,307994.4,0
3CD,1962,Jul-Sep,222,166471.2,0
3CD,1962,Oct-Dec,222,32205.6,0
3CD,1963,Apr-Jun,222,735739.2,0
3CD,1963,Jan-Mar,222,241315.2,0
3CD,1963,Jul-Sep,222,180079.2,0
3CD,1963,Oct-Dec,222,26308.8,0
3CD,1964,Apr-Jun,222,707616,0
3CD,1964,Jan-Mar,222,1017424.8,0
3CD,1964,Jul-Sep,222,234964.8,0
3CD,1964,Oct-Dec,222,53524.8,0
3CD,1965,Apr-Jun,222,1035568.8,0
3CD,1965,Jan-Mar,222,923529.6,0
3CD,1965,Jul-Sep,222,606463.2,0
3CD,1965,Oct-Dec,222,130183.2,0
3CD,1966,Apr-Jun,222,1191607.2,0
3CD,1966,Jan-Mar,222,1019692.8,0
3CD,1966,Jul-Sep,222,942127.2,0
3CD,1966,Oct-Dec,222,86637.6,0
3CD,1967,Apr-Jun,222,559288.8,0
3CD,1967,Jan-Mar,222,894499.2,0
3CD,1967,Jul-Sep,222,282139.2,0
3CD,1967,Oct-Dec,222,89359.2,0
3CD,1968,Apr-Jun,222,322963.2,0
3CD,1968,Jan-Mar,222,533887.2,0
3CD,1968,Jul-Sep,222,149688,0
3CD,1968,Oct-Dec,222,70761.6,0
3CD,1969,Apr-Jun,222,348818.4,0
3CD,1969,Jan-Mar,222,377848.8,0
3CD,1969,Jul-Sep,222,143791.2,0
3CD,1969,Oct-Dec,222,72122.4,0
3CD,1970,Apr-Jun,222,383745.6,0
3CD,1970,Jan-Mar,222,864108,0
3CD,1970,Jul-Sep,222,280324.8,0
3CD,1970,Oct-Dec,222,75751.2,0
3CD,1971,Apr-Jun,222,1630692,0
3CD,1971,Jan-Mar,222,2420409.6,0
3CD,1971,Jul-Sep,222,596484,0
3CD,1971,Oct-Dec,222,256284,0
3CD,1972,Apr-Jun,222,2247588,0
3CD,1972,Jan-Mar,222,2490717.6,0
3CD,1972,Jul-Sep,222,740728.8,0
3CD,1972,Oct-Dec,222,238593.6,0
3CD,1973,Apr-Jun,222,739368,0
3CD,1973,Jan-Mar,222,1817121.6,0
3CD,1973,Jul-Sep,222,396446.4,0
3CD,1973,Oct-Dec,222,131544,0
3CD,1974,Apr-Jun,222,882705.6,0
3CD,1974,Jan-Mar,222,2224908,0
3CD,1974,Jul-Sep,222,633679.2,0
3CD,1974,Oct-Dec,222,185068.8,0
3CD,1975,Apr-Jun,222,1139896.8,0
3CD,1975,Jan-Mar,222,1726855.2,0
3CD,1975,Jul-Sep,222,986580,0
3CD,1975,Oct-Dec,222,359704.8,0
3CD,1976,Apr-Jun,222,1561291.2,0
3CD,1976,Jan-Mar,222,1456963.2,0
3CD,1976,Jul-Sep,222,626875.2,0
3CD,1976,Oct-Dec,222,220903.2,0
3CD,1977,Apr-Jun,222,1016064,0
3CD,1977,Jan-Mar,222,711698.4,0
3CD,1977,Jul-Sep,222,1131732,0
3CD,1977,Oct-Dec,222,92988,0
3CD,1978,Apr-Jun,222,1035115.2,0
3CD,1978,Jan-Mar,222,347457.6,0
3CD,1978,Jul-Sep,222,716688,0
3CD,1978,Oct-Dec,222,154677.6,0
3CD,1979,Apr-Jun,222,1390284,0
3CD,1979,Jan-Mar,222,25855.2,0
3CD,1979,Jul-Sep,222,725306.4,0
3CD,1979,Oct-Dec,222,129276,0
3CD,1980,Apr-Jun,222,879076.8,0
3CD,1980,Jan-Mar,222,36288,0
3CD,1980,Jul-Sep,222,393724.8,0
3CD,1980,Oct-Dec,222,94802.4,0
3CD,1981,Apr-Jun,222,1009260,0
3CD,1981,Jan-Mar,222,629018.416,0
3CD,1981,Jul-Sep,222,175543.2,0
3CD,1981,Oct-Dec,222,134265.6,0
3CD,1982,Apr-Jun,222,323428.7399,0
3CD,1982,Jan-Mar,222,113699.0837,0
3CD,1982,Jul-Sep,222,125145.6046,0
3CD,1982,Oct-Dec,222,45280.77656,0
3CD,1983,Apr-Jun,222,430486.256,0
3CD,1983,Jan-Mar,222,302771.9314,0
3CD,1983,Jul-Sep,222,64316.42928,0
3CD,1983,Oct-Dec,222,85806.49551,0
3CD,1984,Apr-Jun,222,269569.5364,0
3CD,1984,Jan-Mar,222,134457.9516,0
3CD,1984,Jul-Sep,222,78741.26826,0
3CD,1984,Oct-Dec,222,23419.66797,0
3CD,1985,Apr-Jun,222,238551.2111,0
3CD,1985,Jan-Mar,222,82415.85775,0
3CD,1985,Jul-Sep,222,70405.06214,0
3CD,1985,Oct-Dec,222,48841.0596,0
3CD,1986,Apr-Jun,222,272708.8814,0
3CD,1986,Jan-Mar,222,24051.52862,0
3CD,1986,Jul-Sep,222,85252.19995,0
3CD,1986,Oct-Dec,222,57532.43219,0
3CD,1987,Apr-Jun,222,552312.4376,0
3CD,1987,Jan-Mar,222,613773.9272,0
3CD,1987,Jul-Sep,222,143243.2187,0
3CD,1987,Oct-Dec,222,89377.66488,0
3CD,1988,Apr-Jun,222,835811.4851,0
3CD,1988,Jan-Mar,222,1958960.356,0
3CD,1988,Jul-Sep,222,214486.0746,0
3CD,1988,Oct-Dec,222,142924.34,0
3CD,1989,Apr-Jun,222,595820.1034,0
3CD,1989,Jan-Mar,222,925107.0489,0
3CD,1989,Jul-Sep,222,336995.3733,0
3CD,1989,Oct-Dec,222,99373.58251,0
3CD,1990,Apr-Jun,222,613005.9875,0
3CD,1990,Jan-Mar,222,1047927.515,0
3CD,1990,Jul-Sep,222,381652.9076,0
3CD,1990,Oct-Dec,222,32898.48499,0
3CD,1991,Apr-Jun,222,491542.2299,0
3CD,1991,Jan-Mar,222,1841070.489,0
3CD,1991,Jul-Sep,222,490621.8815,0
3CD,1991,Oct-Dec,222,147042.0938,0
3CD,1992,Apr-Jun,222,469657.0806,0
3CD,1992,Jan-Mar,222,1296896.036,0
3CD,1992,Jul-Sep,222,310817.3818,0
3CD,1992,Oct-Dec,222,151776.2859,0
3CD,1993,Apr-Jun,222,816949.56,0
3CD,1993,Jan-Mar,222,858790.7103,0
3CD,1993,Jul-Sep,222,306300.0091,0
3CD,1993,Oct-Dec,222,106456.5,0
3CD,1994,Apr-Jun,222,245673.138,0
3CD,1994,Jan-Mar,222,434556.8357,0
3CD,1994,Jul-Sep,222,67650.36741,0
3CD,1994,Oct-Dec,222,38986.66425,0
3CD,1995,Apr-Jun,222,130808.3099,0
3CD,1995,Jul-Sep,222,84111.40343,0
3CD,1995,Oct-Dec,222,3056.33675,0
4B,1953,Jan-Mar,222,705019.9583,0
4B,1954,Apr-Jun,222,173638.3017,0
4B,1954,Jan-Mar,222,578366.5971,0
4B,1954,Jul-Sep,222,61423.84106,0
4B,1954,Oct-Dec,222,318831.5341,0
4B,1955,Apr-Jun,222,123789.3495,0
4B,1955,Jan-Mar,222,325549.306,0
4B,1955,Jul-Sep,222,58897.75923,0
4B,1955,Oct-Dec,222,205505.7607,0
4B,1956,Apr-Jun,222,70073.02912,0
4B,1956,Jan-Mar,222,356647.4644,0
4B,1956,Jul-Sep,222,48049.98639,0
4B,1956,Oct-Dec,222,134027.9416,0
4B,1957,Apr-Jun,222,65505.30709,0
4B,1957,Jan-Mar,222,448729.0211,0
4B,1957,Jul-Sep,222,17089.72149,0
4B,1957,Oct-Dec,222,167669.8721,0
4B,1958,Apr-Jun,222,57859.47564,0
4B,1958,Jan-Mar,222,650702.6218,0
4B,1958,Jul-Sep,222,11389.82128,0
4B,1958,Oct-Dec,222,132288.8506,0
4B,1959,Apr-Jun,222,84198.04046,0
4B,1959,Jan-Mar,222,444437.9933,0
4B,1959,Jul-Sep,222,60314.34274,0
4B,1959,Oct-Dec,222,251779.4611,0
4B,1960,Apr-Jun,222,110093.441,0
4B,1960,Jan-Mar,222,242424.0225,0
4B,1960,Jul-Sep,222,21902.83952,0
4B,1960,Oct-Dec,222,167864.4652,0
4B,1961,Apr-Jun,222,57843.14615,0
4B,1961,Jan-Mar,222,250033.5662,0
4B,1961,Jul-Sep,222,21095.43681,0
4B,1961,Oct-Dec,222,93824.73011,0
4B,1962,Apr-Jun,222,56345.36877,0
4B,1962,Jan-Mar,222,219430.7357,0
4B,1962,Jul-Sep,222,34011.61208,0
4B,1962,Oct-Dec,222,137771.4778,0
4B,1963,Apr-Jun,222,183523.9953,0
4B,1963,Jan-Mar,222,425069.8539,0
4B,1963,Jul-Sep,222,23646.01288,0
4B,1963,Oct-Dec,222,248287.2176,0
4B,1964,Apr-Jun,222,75426.8348,0
4B,1964,Jan-Mar,222,242677.1296,0
4B,1964,Jul-Sep,222,21634.76368,0
4B,1964,Oct-Dec,222,191187.0634,0
4B,1965,Apr-Jun,222,53532.61363,0
4B,1965,Jan-Mar,222,110808.7635,0
4B,1965,Jul-Sep,222,14520.54795,0
4B,1965,Oct-Dec,222,173622.8794,0
4B,1966,Apr-Jun,222,36350.81194,0
4B,1966,Jan-Mar,222,291338.5648,0
4B,1966,Jul-Sep,222,17026.21791,0
4B,1966,Oct-Dec,222,132390.9099,0
4B,1967,Apr-Jun,222,12653.54259,0
4B,1967,Jan-Mar,222,157006.7132,0
4B,1967,Jul-Sep,222,27956.54541,0
4B,1967,Oct-Dec,222,140307.5388,0
4B,1968,Apr-Jun,222,55254.92153,0
4B,1968,Jan-Mar,222,106195.2282,0
4B,1968,Jul-Sep,222,26229.70153,0
4B,1968,Oct-Dec,222,110394.6294,0
4B,1969,Apr-Jun,222,79352.71705,0
4B,1969,Jan-Mar,222,226269.6181,0
4B,1969,Jul-Sep,222,32052.98013,0
4B,1969,Oct-Dec,222,170187.3356,0
4B,1970,Apr-Jun,222,84776.37667,0
4B,1970,Jan-Mar,222,461027.8509,0
4B,1970,Jul-Sep,222,29034.74553,0
4B,1970,Oct-Dec,222,161685.1129,0
4B,1971,Apr-Jun,222,94310.98612,0
4B,1971,Jan-Mar,222,364170.371,0
4B,1971,Jul-Sep,222,28378.39064,0
4B,1971,Oct-Dec,222,156177.5379,0
4B,1972,Apr-Jun,222,97240.3157,0
4B,1972,Jan-Mar,222,287238.0477,0
4B,1972,Jul-Sep,222,45382.83589,0
4B,1972,Oct-Dec,222,123436.9047,0
4B,1973,Apr-Jun,222,97361.87971,0
4B,1973,Jan-Mar,222,327834.9814,0
4B,1973,Jul-Sep,222,6182.527443,0
4B,1973,Oct-Dec,222,50592.85131,0
4B,1974,Apr-Jun,222,70200.94348,0
4B,1974,Jan-Mar,222,302278.4179,0
4B,1974,Jul-Sep,222,85538.87326,0
4B,1974,Oct-Dec,222,197003.5381,0
4B,1975,Apr-Jun,222,96691.9169,0
4B,1975,Jan-Mar,222,293301.7327,0
4B,1975,Jul-Sep,222,144329.13,0
4B,1975,Oct-Dec,222,448018.6882,0
4B,1976,Apr-Jun,222,116936.4057,0
4B,1976,Jan-Mar,222,314741.9033,0
4B,1976,Jul-Sep,222,237460.3103,0
4B,1976,Oct-Dec,222,279730.5634,0
4B,1977,Apr-Jun,222,163157.0353,0
4B,1977,Jan-Mar,222,541404.79,0
4B,1977,Jul-Sep,222,136594.3935,0
4B,1977,Oct-Dec,222,533061.3263,0
4B,1978,Apr-Jun,222,131430.1914,0
4B,1978,Jan-Mar,222,550272.6118,0
4B,1978,Jul-Sep,222,238263.6306,0
4B,1978,Oct-Dec,222,461488.7054,0
4B,1979,Apr-Jun,222,88291.75361,0
4B,1979,Jan-Mar,222,556894.6748,0
4B,1979,Jul-Sep,222,96216.09362,0
4B,1979,Oct-Dec,222,467601.3789,0
4B,1980,Apr-Jun,222,146356.7087,0
4B,1980,Jan-Mar,222,712162.7506,0
4B,1980,Jul-Sep,222,412501.5876,0
4B,1980,Oct-Dec,222,495143.7903,0
4B,1981,Apr-Jun,222,167118.7517,0
4B,1981,Jan-Mar,222,477203.1207,0
4B,1981,Jul-Sep,222,251640.2068,0
4B,1981,Oct-Dec,222,618422.3895,0
4B,1982,Apr-Jun,222,168123.4691,0
4B,1982,Jan-Mar,222,299872.0856,0
4B,1982,Jul-Sep,222,73434.63667,0
4B,1982,Oct-Dec,222,293118.4795,0
4B,1983,Apr-Jun,222,74541.41341,0
4B,1983,Jan-Mar,222,190353.3521,0
4B,1983,Jul-Sep,222,197968.3389,0
4B,1983,Oct-Dec,222,331466.9328,0
4B,1984,Apr-Jun,222,113163.3856,0
4B,1984,Jan-Mar,222,224571.3508,0
4B,1984,Jul-Sep,222,103181.9831,0
4B,1984,Oct-Dec,222,244914.2702,0
4B,1985,Apr-Jun,222,53484.98594,0
4B,1985,Jan-Mar,222,240001.3608,0
4B,1985,Jul-Sep,222,53641.93051,0
4B,1985,Oct-Dec,222,131361.2447,0
4B,1986,Apr-Jun,222,118510.3874,0
4B,1986,Jan-Mar,222,223162.4785,0
4B,1986,Jul-Sep,222,230268.983,0
4B,1986,Oct-Dec,222,214722.8522,0
4B,1987,Apr-Jun,222,122117.8445,0
4B,1987,Jan-Mar,222,404020.2304,0
4B,1987,Jul-Sep,222,150072.5755,0
4B,1987,Oct-Dec,222,519306.4501,0
4B,1988,Apr-Jun,222,76045.08754,0
4B,1988,Jan-Mar,222,192719.3142,0
4B,1988,Jul-Sep,222,241767.6676,0
4B,1988,Oct-Dec,222,500925.7915,0
4B,1989,Apr-Jun,222,42947.47346,0
4B,1989,Jan-Mar,222,32770.57063,0
4B,1989,Jul-Sep,222,186103.148,0
4B,1989,Oct-Dec,222,182223.9862,0
4B,1990,Apr-Jun,222,41204.3001,0
4B,1990,Jan-Mar,222,15465.84414,0
4B,1990,Jul-Sep,222,4683.842874,0
4B,1990,Oct-Dec,222,35420.93804,0
4B,1991,Apr-Jun,222,5187.789168,0
4B,1991,Jan-Mar,222,65702.16819,0
4B,1991,Jul-Sep,222,6075.478545,0
4B,1991,Oct-Dec,222,41303.63785,0
4B,1992,Apr-Jun,222,77780.09616,0
4B,1992,Jan-Mar,222,96882.42765,0
4B,1992,Jul-Sep,222,89138.61925,0
4B,1992,Oct-Dec,222,179825.3651,0
4B,1993,Apr-Jun,222,6805.769754,0
4B,1993,Jan-Mar,222,64290.12066,0
4B,1993,Jul-Sep,222,42339.19985,0
4B,1993,Oct-Dec,222,11976.77583,0
4B,1994,Apr-Jun,222,15566.99628,0
4B,1994,Jan-Mar,222,19198.49406,0
4B,1994,Jul-Sep,222,1207.021682,0
4B,1994,Oct-Dec,222,8652.816838,0
4B,1995,Apr-Jun,222,3747.165019,0
4B,1995,Jul-Sep,222,720.7656718,0
4B,1995,Oct-Dec,222,74.84350903,0
5AB,1953,Jan-Mar,222,373.7639481,0
5AB,1954,Apr-Jun,222,37810.03357,0
5AB,1954,Jan-Mar,222,486.2560102,0
5AB,1954,Jul-Sep,222,53015.05942,0
5AB,1954,Oct-Dec,222,1096.344008,0
5AB,1955,Apr-Jun,222,50652.27252,0
5AB,1955,Jan-Mar,222,283046.4,0
5AB,1955,Jul-Sep,222,6725.936678,0
5AB,1955,Oct-Dec,222,97.06976322,0
5AB,1956,Apr-Jun,222,506898,0
5AB,1956,Jan-Mar,222,240181.2,0
5AB,1956,Jul-Sep,222,633679.2,0
5AB,1956,Oct-Dec,222,329767.2,0
5AB,1957,Apr-Jun,222,1062331.2,0
5AB,1957,Jan-Mar,222,121111.2,0
5AB,1957,Jul-Sep,222,851407.2,0
5AB,1957,Oct-Dec,222,589906.8,0
5AB,1958,Apr-Jun,222,672008.4,0
5AB,1958,Jan-Mar,222,64864.8,0
5AB,1958,Jul-Sep,222,288716.4,0
5AB,1958,Oct-Dec,222,96163.2,0
5AB,1959,Apr-Jun,222,596257.2,0
5AB,1959,Jan-Mar,222,55339.2,0
5AB,1959,Jul-Sep,222,238820.4,0
5AB,1959,Oct-Dec,222,46494,0
5AB,1960,Apr-Jun,222,297334.8,0
5AB,1960,Jan-Mar,222,25855.2,0
5AB,1960,Jul-Sep,222,237006,0
5AB,1960,Oct-Dec,222,28803.6,0
5AB,1961,Apr-Jun,222,177584.4,0
5AB,1961,Jan-Mar,222,45360,0
5AB,1961,Jul-Sep,222,23360.4,0
5AB,1961,Oct-Dec,222,12927.6,0
5AB,1962,Apr-Jun,222,154677.6,0
5AB,1962,Jan-Mar,222,14968.8,0
5AB,1962,Jul-Sep,222,202305.6,0
5AB,1962,Oct-Dec,222,19958.4,0
5AB,1963,Apr-Jun,222,293932.8,0
5AB,1963,Jan-Mar,222,40824,0
5AB,1963,Jul-Sep,222,336571.2,0
5AB,1963,Oct-Dec,222,31298.4,0
5AB,1964,Apr-Jun,222,503496,0
5AB,1964,Jan-Mar,222,20412,0
5AB,1964,Jul-Sep,222,522547.2,0
5AB,1964,Oct-Dec,222,207748.8,0
5AB,1965,Apr-Jun,222,1026043.2,0
5AB,1965,Jan-Mar,222,63504,0
5AB,1965,Jul-Sep,222,576072,0
5AB,1965,Oct-Dec,222,317066.4,0
5AB,1966,Apr-Jun,222,782913.6,0
5AB,1966,Jan-Mar,222,63504,0
5AB,1966,Jul-Sep,222,647287.2,0
5AB,1966,Oct-Dec,222,317066.4,0
5AB,1967,Apr-Jun,222,716688,0
5AB,1967,Jan-Mar,222,48535.2,0
5AB,1967,Jul-Sep,222,494877.6,0
5AB,1967,Oct-Dec,222,225892.8,0
5AB,1968,Apr-Jun,222,557474.4,0
5AB,1968,Jan-Mar,222,68493.6,0
5AB,1968,Jul-Sep,222,284860.8,0
5AB,1968,Oct-Dec,222,69400.8,0
5AB,1969,Apr-Jun,222,283046.4,0
5AB,1969,Jan-Mar,222,21319.2,0
5AB,1969,Jul-Sep,222,259459.2,0
5AB,1969,Oct-Dec,222,87998.4,0
5AB,1970,Apr-Jun,222,135172.8,0
5AB,1970,Jan-Mar,222,453.6,0
5AB,1970,Jul-Sep,222,99792,0
5AB,1970,Oct-Dec,222,42638.4,0
5AB,1971,Apr-Jun,222,450424.8,0
5AB,1971,Jul-Sep,222,384199.2,0
5AB,1971,Oct-Dec,222,92988,0
5AB,1972,Apr-Jun,222,1279605.6,0
5AB,1972,Jan-Mar,222,112039.2,0
5AB,1972,Jul-Sep,222,834624,0
5AB,1972,Oct-Dec,222,189151.2,0
5AB,1973,Apr-Jun,222,1161216,0
5AB,1973,Jan-Mar,222,59875.2,0
5AB,1973,Jul-Sep,222,569721.6,0
5AB,1973,Oct-Dec,222,70761.6,0
5AB,1974,Apr-Jun,222,1316347.2,0
5AB,1974,Jan-Mar,222,5443.2,0
5AB,1974,Jul-Sep,222,800604,0
5AB,1974,Oct-Dec,222,114760.8,0
5AB,1975,Apr-Jun,222,1069135.2,0
5AB,1975,Jan-Mar,222,27216,0
5AB,1975,Jul-Sep,222,1080928.8,0
5AB,1975,Oct-Dec,222,290757.6,0
5AB,1976,Apr-Jun,222,692647.2,0
5AB,1976,Jan-Mar,222,21772.8,0
5AB,1976,Jul-Sep,222,1246039.2,0
5AB,1976,Oct-Dec,222,304819.2,0
5AB,1977,Apr-Jun,222,638215.2,0
5AB,1977,Jan-Mar,222,69400.8,0
5AB,1977,Jul-Sep,222,515743.2,0
5AB,1977,Oct-Dec,222,92080.8,0
5AB,1978,Apr-Jun,222,791532,0
5AB,1978,Jan-Mar,222,49896,0
5AB,1978,Jul-Sep,222,974332.8,0
5AB,1978,Oct-Dec,222,125193.6,0
5AB,1979,Apr-Jun,222,944848.8,0
5AB,1979,Jan-Mar,222,182800.8,0
5AB,1979,Jul-Sep,222,725306.4,0
5AB,1979,Oct-Dec,222,165110.4,0
5AB,1980,Apr-Jun,222,628689.6,0
5AB,1980,Jan-Mar,222,58514.4,0
5AB,1980,Jul-Sep,222,481723.2,0
5AB,1980,Oct-Dec,222,100245.6,0
5AB,1981,Apr-Jun,222,599659.2,0
5AB,1981,Jan-Mar,222,16350.35834,0
5AB,1981,Jul-Sep,222,104328,0
5AB,1981,Oct-Dec,222,90720,0
5AB,1982,Apr-Jun,222,442478.0005,0
5AB,1982,Jan-Mar,222,2000.362878,0
5AB,1982,Jul-Sep,222,99541.41341,0
5AB,1982,Oct-Dec,222,37204.93514,0
5AB,1983,Apr-Jun,222,91017.87172,0
5AB,1983,Jan-Mar,222,2644.924249,0
5AB,1983,Jul-Sep,222,54025.21999,0
5AB,1983,Oct-Dec,222,36410.23315,0
5AB,1984,Apr-Jun,222,170726.6624,0
5AB,1984,Jan-Mar,222,15375.12474,0
5AB,1984,Jul-Sep,222,133128.9123,0
5AB,1984,Oct-Dec,222,76061.41704,0
5AB,1985,Apr-Jun,222,117828.631,0
5AB,1985,Jan-Mar,222,7323.777556,0
5AB,1985,Jul-Sep,222,96857.02622,0
5AB,1985,Oct-Dec,222,69372.67532,0
5AB,1986,Apr-Jun,222,74102.78509,0
5AB,1986,Jan-Mar,222,70459.49379,0
5AB,1986,Jul-Sep,222,93943.57253,0
5AB,1986,Oct-Dec,222,65722.12646,0
5AB,1987,Apr-Jun,222,1654050.621,0
5AB,1987,Jan-Mar,222,32000.81647,0
5AB,1987,Jul-Sep,222,1186081.375,0
5AB,1987,Oct-Dec,222,331789.8939,0
5AB,1988,Apr-Jun,222,834008.8905,0
5AB,1988,Jan-Mar,222,26300.00907,0
5AB,1988,Jul-Sep,222,755580.1506,0
5AB,1988,Oct-Dec,222,227487.9797,0
5AB,1989,Apr-Jun,222,358492.2435,0
5AB,1989,Jan-Mar,222,50010.43273,0
5AB,1989,Jul-Sep,222,242082.4639,0
5AB,1989,Oct-Dec,222,135673.5916,0
5AB,1990,Apr-Jun,222,327380.4772,0
5AB,1990,Jan-Mar,222,119537.331,0
5AB,1990,Jul-Sep,222,335734.8272,0
5AB,1990,Oct-Dec,222,59245.21455,0
5AB,1991,Apr-Jun,222,882726.1181,0
5AB,1991,Jan-Mar,222,304884.3328,0
5AB,1991,Jul-Sep,222,832289.7578,0
5AB,1991,Oct-Dec,222,183329.8558,0
5AB,1992,Apr-Jun,222,1033030.028,0
5AB,1992,Jan-Mar,222,124703.3475,0
5AB,1992,Jul-Sep,222,543014.6058,0
5AB,1992,Oct-Dec,222,162443.0736,0
5AB,1993,Apr-Jun,222,907213.0999,0
5AB,1993,Jan-Mar,222,163277.2385,0
5AB,1993,Jul-Sep,222,305152.8622,0
5AB,1993,Oct-Dec,222,111426.5626,0
5AB,1994,Apr-Jun,222,267405.425,0
5AB,1994,Jan-Mar,222,78856.4819,0
5AB,1994,Jul-Sep,222,135064.8644,0
5AB,1994,Oct-Dec,222,106781.2755,0
5AB,1995,Apr-Jun,222,121097.7048,0
5AB,1995,Jul-Sep,222,131323.1425,0
5AB,1995,Oct-Dec,222,14995.46403,0
5CD,1953,Jan-Mar,222,328857.8427,0
5CD,1954,Apr-Jun,222,434310.5325,0
5CD,1954,Jan-Mar,222,328755.7834,0
5CD,1954,Jul-Sep,222,4812.664429,0
5CD,1954,Oct-Dec,222,76931.41613,0
5CD,1955,Apr-Jun,222,230373.3104,0
5CD,1955,Jan-Mar,222,510980.4,0
5CD,1955,Jul-Sep,222,60328.85784,0
5CD,1955,Oct-Dec,222,118318.0622,0
5CD,1956,Apr-Jun,222,752068.8,0
5CD,1956,Jan-Mar,222,1045094.4,0
5CD,1956,Jul-Sep,222,177130.8,0
5CD,1956,Oct-Dec,222,43318.8,0
5CD,1957,Apr-Jun,222,658400.4,0
5CD,1957,Jan-Mar,222,1977015.6,0
5CD,1957,Jul-Sep,222,132224.4,0
5CD,1957,Oct-Dec,222,483537.6,0
5CD,1958,Apr-Jun,222,1980871.2,0
5CD,1958,Jan-Mar,222,2476656,0
5CD,1958,Jul-Sep,222,537062.4,0
5CD,1958,Oct-Dec,222,706935.6,0
5CD,1959,Apr-Jun,222,880210.8,0
5CD,1959,Jan-Mar,222,867283.2,0
5CD,1959,Jul-Sep,222,1168700.4,0
5CD,1959,Oct-Dec,222,599205.6,0
5CD,1960,Apr-Jun,222,542505.6,0
5CD,1960,Jan-Mar,222,898581.6,0
5CD,1960,Jul-Sep,222,760233.6,0
5CD,1960,Oct-Dec,222,189604.8,0
5CD,1961,Apr-Jun,222,383065.2,0
5CD,1961,Jan-Mar,222,803779.2,0
5CD,1961,Jul-Sep,222,223171.2,0
5CD,1961,Oct-Dec,222,110678.4,0
5CD,1962,Apr-Jun,222,193687.2,0
5CD,1962,Jan-Mar,222,1170288,0
5CD,1962,Jul-Sep,222,561103.2,0
5CD,1962,Oct-Dec,222,130636.8,0
5CD,1963,Apr-Jun,222,904932,0
5CD,1963,Jan-Mar,222,900849.6,0
5CD,1963,Jul-Sep,222,627328.8,0
5CD,1963,Oct-Dec,222,224985.6,0
5CD,1964,Apr-Jun,222,2038478.4,0
5CD,1964,Jan-Mar,222,1996747.2,0
5CD,1964,Jul-Sep,222,1540425.6,0
5CD,1964,Oct-Dec,222,747986.4,0
5CD,1965,Apr-Jun,222,2771042.4,0
5CD,1965,Jan-Mar,222,1807142.4,0
5CD,1965,Jul-Sep,222,3560760,0
5CD,1965,Oct-Dec,222,730749.6,0
5CD,1966,Apr-Jun,222,5096649.6,0
5CD,1966,Jan-Mar,222,1247400,0
5CD,1966,Jul-Sep,222,2135548.8,0
5CD,1966,Oct-Dec,222,480362.4,0
5CD,1967,Apr-Jun,222,1387108.8,0
5CD,1967,Jan-Mar,222,1502323.2,0
5CD,1967,Jul-Sep,222,1395273.6,0
5CD,1967,Oct-Dec,222,1051444.8,0
5CD,1968,Apr-Jun,222,2062972.8,0
5CD,1968,Jan-Mar,222,1047816,0
5CD,1968,Jul-Sep,222,728935.2,0
5CD,1968,Oct-Dec,222,111132,0
5CD,1969,Apr-Jun,222,1159401.6,0
5CD,1969,Jan-Mar,222,659080.8,0
5CD,1969,Jul-Sep,222,679492.8,0
5CD,1969,Oct-Dec,222,72122.4,0
5CD,1970,Apr-Jun,222,301644,0
5CD,1970,Jan-Mar,222,507124.8,0
5CD,1970,Jul-Sep,222,276696,0
5CD,1970,Oct-Dec,222,101152.8,0
5CD,1971,Apr-Jun,222,557928,0
5CD,1971,Jan-Mar,222,339746.4,0
5CD,1971,Jul-Sep,222,364240.8,0
5CD,1971,Oct-Dec,222,47174.4,0
5CD,1972,Apr-Jun,222,707162.4,0
5CD,1972,Jan-Mar,222,544773.6,0
5CD,1972,Jul-Sep,222,1220184,0
5CD,1972,Oct-Dec,222,421394.4,0
5CD,1973,Apr-Jun,222,1563105.6,0
5CD,1973,Jan-Mar,222,363787.2,0
5CD,1973,Jul-Sep,222,1543600.8,0
5CD,1973,Oct-Dec,222,351086.4,0
5CD,1974,Apr-Jun,222,1758153.6,0
5CD,1974,Jan-Mar,222,845056.8,0
5CD,1974,Jul-Sep,222,2264824.8,0
5CD,1974,Oct-Dec,222,377395.2,0
5CD,1975,Apr-Jun,222,2108332.8,0
5CD,1975,Jan-Mar,222,1274162.4,0
5CD,1975,Jul-Sep,222,1543600.8,0
5CD,1975,Oct-Dec,222,482630.4,0
5CD,1976,Apr-Jun,222,1400263.2,0
5CD,1976,Jan-Mar,222,424569.6,0
5CD,1976,Jul-Sep,222,1820296.8,0
5CD,1976,Oct-Dec,222,520732.8,0
5CD,1977,Apr-Jun,222,877716,0
5CD,1977,Jan-Mar,222,363787.2,0
5CD,1977,Jul-Sep,222,1930975.2,0
5CD,1977,Oct-Dec,222,288036,0
5CD,1978,Apr-Jun,222,987940.8,0
5CD,1978,Jan-Mar,222,559742.4,0
5CD,1978,Jul-Sep,222,568814.4,0
5CD,1978,Oct-Dec,222,180532.8,0
5CD,1979,Apr-Jun,222,1915099.2,0
5CD,1979,Jan-Mar,222,1364428.8,0
5CD,1979,Jul-Sep,222,2033035.2,0
5CD,1979,Oct-Dec,222,186429.6,0
5CD,1980,Apr-Jun,222,1634320.8,0
5CD,1980,Jan-Mar,222,1051898.4,0
5CD,1980,Jul-Sep,222,1373500.8,0
5CD,1980,Oct-Dec,222,166017.6,0
5CD,1981,Apr-Jun,222,1271440.8,0
5CD,1981,Jan-Mar,222,513078.1094,0
5CD,1981,Jul-Sep,222,728028,0
5CD,1981,Oct-Dec,222,128368.8,0
5CD,1982,Apr-Jun,222,820379.6607,0
5CD,1982,Jan-Mar,222,955257.6431,0
5CD,1982,Jul-Sep,222,599657.0806,0
5CD,1982,Oct-Dec,222,132931.5976,0
5CD,1983,Apr-Jun,222,1438689.558,0
5CD,1983,Jan-Mar,222,534100.0635,0
5CD,1983,Jul-Sep,222,253771.2057,0
5CD,1983,Oct-Dec,222,67136.44198,0
5CD,1984,Apr-Jun,222,579816.7468,0
5CD,1984,Jan-Mar,222,503811.1222,0
5CD,1984,Jul-Sep,222,433349.3604,0
5CD,1984,Oct-Dec,222,200959.3577,0
5CD,1985,Apr-Jun,222,349288.7599,0
5CD,1985,Jan-Mar,222,486450.6033,0
5CD,1985,Jul-Sep,222,131059.1491,0
5CD,1985,Oct-Dec,222,80228.1593,0
5CD,1986,Apr-Jun,222,1411923.251,0
5CD,1986,Jan-Mar,222,2103038.646,0
5CD,1986,Jul-Sep,222,148774.3808,0
5CD,1986,Oct-Dec,222,51384.83172,0
5CD,1987,Apr-Jun,222,3514048.353,0
5CD,1987,Jan-Mar,222,2739517.826,0
5CD,1987,Jul-Sep,222,1637873.991,0
5CD,1987,Oct-Dec,222,1614698.358,0
5CD,1988,Apr-Jun,222,2315896.761,0
5CD,1988,Jan-Mar,222,2715944.389,0
5CD,1988,Jul-Sep,222,711415.6763,0
5CD,1988,Oct-Dec,222,431877.4381,0
5CD,1989,Apr-Jun,222,1642567.813,0
5CD,1989,Jan-Mar,222,1354185.793,0
5CD,1989,Jul-Sep,222,277002.6309,0
5CD,1989,Oct-Dec,222,152612.2653,0
5CD,1990,Apr-Jun,222,1360330.219,0
5CD,1990,Jan-Mar,222,1143211.013,0
5CD,1990,Jul-Sep,222,458219.1781,0
5CD,1990,Oct-Dec,222,434146.3304,0
5CD,1991,Apr-Jun,222,4614445.251,0
5CD,1991,Jan-Mar,222,1172860.383,0
5CD,1991,Jul-Sep,222,1316146.693,0
5CD,1991,Oct-Dec,222,580814.2067,0
5CD,1992,Apr-Jun,222,3070514.379,0
5CD,1992,Jan-Mar,222,1292592.307,0
5CD,1992,Jul-Sep,222,671213.8256,0
5CD,1992,Oct-Dec,222,188490.4291,0
5CD,1993,Apr-Jun,222,1854404.881,0
5CD,1993,Jan-Mar,222,706499.5918,0
5CD,1993,Jul-Sep,222,549041.0959,0
5CD,1993,Oct-Dec,222,268891.8625,0
5CD,1994,Apr-Jun,222,644585.4123,0
5CD,1994,Jan-Mar,222,312052.9801,0
5CD,1994,Jul-Sep,222,114193.0509,0
5CD,1994,Oct-Dec,222,96930.05534,0
5CD,1995,Apr-Jun,222,757785.9929,0
5CD,1995,Jul-Sep,222,250168.2845,0
5CD,1995,Oct-Dec,222,5217.726572,0
5E,1976,Oct-Dec,222,124.2855847,0
5E,1977,Apr-Jun,222,6826.635217,0
5E,1977,Jan-Mar,222,959.3577066,0
5E,1977,Oct-Dec,222,124.2855847,0
5E,1978,Apr-Jun,222,484.4416221,0
5E,1978,Jan-Mar,222,19.05107502,0
5E,1978,Jul-Sep,222,1080.921709,0
5E,1978,Oct-Dec,222,346.5481266,0
5E,1979,Apr-Jun,222,688.560283,0
5E,1979,Jan-Mar,222,36715.95754,0
5E,1979,Jul-Sep,222,156.9445704,0
5E,1979,Oct-Dec,222,40.8237322,0
5E,1980,Apr-Jun,222,572.8930418,0
5E,1980,Jan-Mar,222,4517.826363,0
5E,1980,Jul-Sep,222,4646.194321,0
5E,1980,Oct-Dec,222,53.52444888,0
5E,1981,Apr-Jun,222,58.96761317,0
5E,1981,Jan-Mar,222,239.0456319,0
5E,1981,Jul-Sep,222,604.1912365,0
5E,1981,Oct-Dec,222,678.1275515,0
5E,1982,Apr-Jun,222,25.85503039,0
5E,1982,Jul-Sep,222,98.4305543,0
5E,1982,Oct-Dec,222,967.5224531,0
5E,1983,Apr-Jun,222,679.9419396,0
5E,1983,Jan-Mar,222,6.350358342,0
5E,1983,Jul-Sep,222,37.194956,0
5E,1984,Apr-Jun,222,1476.458314,0
5E,1984,Jan-Mar,222,3016.873809,0
5E,1984,Jul-Sep,222,259.0039009,0
5E,1984,Oct-Dec,222,2033.021863,0
5E,1985,Apr-Jun,222,616.8919532,0
5E,1985,Jan-Mar,222,2325.138347,0
5E,1985,Jul-Sep,222,5371.042366,0
5E,1985,Oct-Dec,222,1121.291844,0
5E,1986,Apr-Jun,222,5221.808945,0
5E,1986,Jan-Mar,222,1467.386374,0
5E,1986,Jul-Sep,222,1046.448335,0
5E,1986,Oct-Dec,222,1457.860836,0
5E,1987,Apr-Jun,222,1696.906468,0
5E,1987,Jan-Mar,222,5407.783725,0
5E,1987,Jul-Sep,222,170.0988842,0
5E,1987,Oct-Dec,222,1215.186428,0
5E,1988,Apr-Jun,222,10434.54595,0
5E,1988,Jan-Mar,222,3079.016602,0
5E,1988,Jul-Sep,222,38.55574707,0
5E,1988,Oct-Dec,222,1097.704799,0
5E,1989,Apr-Jun,222,732.5591944,0
5E,1989,Jan-Mar,222,366.0527987,0
5E,1989,Jul-Sep,222,914.4516012,0
5E,1989,Oct-Dec,222,1217.908011,0
5E,1990,Apr-Jun,222,945.2961989,0
5E,1990,Jan-Mar,222,1124.920621,0
5E,1990,Jul-Sep,222,1436.995373,0
5E,1990,Oct-Dec,222,5723.033657,0
5E,1991,Apr-Jun,222,1523.632405,0
5E,1991,Jan-Mar,222,3590.220448,0
5E,1991,Oct-Dec,222,470.8337113,0
5E,1992,Apr-Jun,222,2413.13617,0
5E,1992,Jan-Mar,222,1868.366144,0
5E,1992,Jul-Sep,222,766.1253742,0
5E,1992,Oct-Dec,222,185.97478,0
5E,1993,Apr-Jun,222,4404.427107,0
5E,1993,Jan-Mar,222,1158.4868,0
5E,1993,Jul-Sep,222,556.1099519,0
5E,1993,Oct-Dec,222,219.5409598,0
5E,1994,Apr-Jun,222,2301.097705,0
5E,1994,Jan-Mar,222,2172.729747,0
5E,1994,Jul-Sep,222,1316.792162,0
5E,1994,Oct-Dec,222,1852.036651,0
5E,1995,Apr-Jun,222,1212.918443,0
5E,1995,Jul-Sep,222,343.8265445,0
6,1970,Apr-Jun,222,1154.858024,0
6,1976,Oct-Dec,222,467.2049351,0
3CD,1995,Jan-Mar,222,33551.19,1287.32
3CD,1996,Apr-Jun,222,40916.1,2360.12
3CD,1996,Jan-Mar,222,68998.27,3033.7
3CD,1996,Jul-Sep,222,19810.73,2297.89
3CD,1996,Oct-Dec,222,14047.18,1475.11
3CD,1997,Apr-Jun,222,12554.23,2336.53
3CD,1997,Jan-Mar,222,101455.04,3832.07
3CD,1997,Jul-Sep,222,7201.88,1040.14
3CD,1997,Oct-Dec,222,11724.4,2879
3CD,1998,Oct-Dec,222,5484.82,317.53
3CD,1998,Apr-Jun,222,22720.45,1842.1
3CD,1998,Jan-Mar,222,16467.26,1776.37
3CD,1998,Jul-Sep,222,10065.19,862.75
3CD,1999,Oct-Dec,222,7645.51,1115.34
3CD,1999,Jul-Sep,222,30577.31,3554.45
3CD,1999,Apr-Jun,222,19328.31,2523.44
3CD,1999,Jan-Mar,222,16341.52,521.71
3CD,2000,Apr-Jun,222,65552.34,2792.81
3CD,2000,Jan-Mar,222,15716.48,3195.62
3CD,2000,Jul-Sep,222,32001.61,4592.7
3CD,2000,Oct-Dec,222,16013.38,2195.47
3CD,2001,Apr-Jun,222,103504.16,7288.68
3CD,2001,Jan-Mar,222,156588.75,5826.1
3CD,2001,Jul-Sep,222,32549.3,2334.16
3CD,2001,Oct-Dec,222,46529.97,840.69
3CD,2002,Oct-Dec,222,30474.24,9425.24
3CD,2002,Jul-Sep,222,32017.83,6038.2
3CD,2002,Jan-Mar,222,65479.96,8006.95
3CD,2002,Apr-Jun,222,48697.13,3221.03
3CD,2003,Jan-Mar,222,253124.05,12591.91
3CD,2003,Jul-Sep,222,36523.13,11490.44
3CD,2003,Oct-Dec,222,78601.88,9527.32
3CD,2003,Apr-Jun,222,88999.52,9977.78
3CD,2004,Jan-Mar,222,187204.73,3254.47
3CD,2004,Jul-Sep,222,34228.62,5371.43
3CD,2004,Apr-Jun,222,120667.4,11900.52
3CD,2004,Oct-Dec,222,74645,6410.69
3CD,2005,Apr-Jun,222,140458.32,15823.64
3CD,2005,Jan-Mar,222,23590.53,1331.78
3CD,2005,Jul-Sep,222,63439.48,6429.31
3CD,2005,Oct-Dec,222,36743.12,5097.56
3CD,2006,Apr-Jun,222,54626.69,6240.63
3CD,2006,Oct-Dec,222,33523.84,1261.47
3CD,2006,Jan-Mar,222,30124.51,992.45
3CD,2006,Jul-Sep,222,21196.75,1987.23
4B,,,222,14.97,0
4B,1995,Jan-Mar,222,87.56,0
4B,1996,Apr-Jun,222,2532.19,0
4B,1996,Jan-Mar,222,2366.22,29.49
4B,1996,Jul-Sep,222,82.56,0
4B,1996,Oct-Dec,222,700.78,0
4B,1997,Apr-Jun,222,1108.68,0
4B,1997,Jan-Mar,222,437.78,0
4B,1997,Jul-Sep,222,1590.71,0
4B,1997,Oct-Dec,222,1240.4,0
4B,1998,Jan-Mar,222,339.77,0
4B,1998,Jul-Sep,222,2342.63,0
4B,1998,Apr-Jun,222,464.17,0
4B,1998,Oct-Dec,222,1563.09,0
4B,1999,Apr-Jun,222,2140.86,0
4B,1999,Jan-Mar,222,2647.88,0
4B,1999,Jul-Sep,222,2972.97,0
4B,1999,Oct-Dec,222,1154.53,0
4B,2000,Jan-Mar,222,1027.08,0
4B,2000,Jul-Sep,222,2770.13,0
4B,2000,Apr-Jun,222,1044.93,0
4B,2000,Oct-Dec,222,2631.97,0
4B,2001,Oct-Dec,222,1478.07,5.41
4B,2001,Apr-Jun,222,1472.38,5.43
4B,2001,Jan-Mar,222,1166.61,76.59
4B,2001,Jul-Sep,222,2243.2,4.98
4B,2002,Jul-Sep,222,2083.26,49.9
4B,2002,Oct-Dec,222,2299.48,126.12
4B,2002,Apr-Jun,222,641.7,3.17
4B,2002,Jan-Mar,222,1220.04,106.12
4B,2003,Apr-Jun,222,2036.01,34.94
4B,2003,Jan-Mar,222,377.31,7.7
4B,2003,Jul-Sep,222,2737.65,90.28
4B,2003,Oct-Dec,222,1300.95,4.08
4B,2004,Apr-Jun,222,712.57,11.34
4B,2004,Jan-Mar,222,52.18,1.36
4B,2004,Jul-Sep,222,1443.66,157.86
4B,2004,Oct-Dec,222,437.73,0
4B,2005,Oct-Dec,222,328.36,22.74
4B,2005,Jul-Sep,222,637.77,0.91
4B,2005,Jan-Mar,222,395.59,39.95
4B,2005,Apr-Jun,222,249.5,6.4
4B,2006,Jul-Sep,222,399,0
4B,2006,Oct-Dec,222,656.76,7.71
4B,2006,Apr-Jun,222,94.82,0
5AB,1995,Jan-Mar,222,4986.08,1123.99
5AB,1996,Jan-Mar,222,29018.41,4292.47
5AB,1996,Jul-Sep,222,70121.96,12182.33
5AB,1996,Apr-Jun,222,66621.13,3574.87
5AB,1996,Oct-Dec,222,33240.15,3124.01
5AB,1997,Apr-Jun,222,35248.91,9027.01
5AB,1997,Jan-Mar,222,11910.55,1682.02
5AB,1997,Jul-Sep,222,74918.35,12016.25
5AB,1997,Oct-Dec,222,22792.86,4072
5AB,1998,Apr-Jun,222,36015.79,11414.57
5AB,1998,Oct-Dec,222,17478.01,2541.11
5AB,1998,Jan-Mar,222,10243.27,3700.46
5AB,1998,Jul-Sep,222,73966.86,9584.71
5AB,1999,Apr-Jun,222,28368.58,4875.83
5AB,1999,Jan-Mar,222,8992.64,617.3
5AB,1999,Jul-Sep,222,66217.58,7544.78
5AB,1999,Oct-Dec,222,9899.29,945.31
5AB,2000,Apr-Jun,222,17660.15,2272.06
5AB,2000,Jan-Mar,222,7482.03,800.99
5AB,2000,Jul-Sep,222,23696.34,3479.17
5AB,2000,Oct-Dec,222,9699.56,1930.99
5AB,2001,Oct-Dec,222,9837.3,861.6
5AB,2001,Apr-Jun,222,20319.95,2590.86
5AB,2001,Jan-Mar,222,52006.46,2816.27
5AB,2001,Jul-Sep,222,29082.55,1759.39
5AB,2002,Jan-Mar,222,23337.46,5521.24
5AB,2002,Jul-Sep,222,75561.49,18653.1
5AB,2002,Oct-Dec,222,25039.18,4506.47
5AB,2002,Apr-Jun,222,59140.84,8162.18
5AB,2003,Apr-Jun,222,82393.4,16186.13
5AB,2003,Jan-Mar,222,13608.02,4916.15
5AB,2003,Jul-Sep,222,171844.64,24269.83
5AB,2003,Oct-Dec,222,34140.51,3491.78
5AB,2004,Apr-Jun,222,116007.14,32764.24
5AB,2004,Jan-Mar,222,18235.36,1944.54
5AB,2004,Jul-Sep,222,162540.2,31150.68
5AB,2004,Oct-Dec,222,38765.26,4307.39
5AB,2005,Jul-Sep,222,179627.6,13131.31
5AB,2005,Oct-Dec,222,28448.09,3061.83
5AB,2005,Jan-Mar,222,21093.98,3490.86
5AB,2005,Apr-Jun,222,91023.1,7484.48
5AB,2006,Jan-Mar,222,7732.14,661.82
5AB,2006,Jul-Sep,222,87529.39,3674.17
5AB,2006,Oct-Dec,222,19223.87,1522.74
5AB,2006,Apr-Jun,222,82940.91,8636.99
5CD,1995,Jan-Mar,222,6893.39,293.94
5CD,1996,Apr-Jun,222,184122.61,17088.01
5CD,1996,Oct-Dec,222,66098.82,6037.04
5CD,1996,Jan-Mar,222,480645.86,5203.29
5CD,1996,Jul-Sep,222,338567.87,40630.68
5CD,1997,Oct-Dec,222,75812.52,5774.8
5CD,1997,Apr-Jun,222,522058.35,45729.63
5CD,1997,Jan-Mar,222,359201.18,5888.82
5CD,1997,Jul-Sep,222,157762.09,21125.05
5CD,1998,Oct-Dec,222,37970.61,2652.66
5CD,1998,Jul-Sep,222,232902.98,10449.19
5CD,1998,Apr-Jun,222,462736.2,15481.37
5CD,1998,Jan-Mar,222,109076.5,4167.68
5CD,1999,Apr-Jun,222,306801.14,15977.7
5CD,1999,Jan-Mar,222,60778.01,1450.66
5CD,1999,Jul-Sep,222,152909.47,17025.94
5CD,1999,Oct-Dec,222,56086.6,4990.58
5CD,2000,Jan-Mar,222,53201.04,1725.54
5CD,2000,Jul-Sep,222,167502.24,7723.04
5CD,2000,Apr-Jun,222,210326.88,5799.44
5CD,2000,Oct-Dec,222,63338.34,4361.37
5CD,2001,Oct-Dec,222,78518.74,18214.42
5CD,2001,Apr-Jun,222,37122.16,4717.45
5CD,2001,Jan-Mar,222,46836.26,2328.39
5CD,2001,Jul-Sep,222,20890.95,5502.21
5CD,2002,Oct-Dec,222,47630.47,23042.99
5CD,2002,Jul-Sep,222,45525.84,25897.91
5CD,2002,Apr-Jun,222,59020.44,17847.54
5CD,2002,Jan-Mar,222,46416.73,5145.09
5CD,2003,Apr-Jun,222,50284.23,13850.04
5CD,2003,Jan-Mar,222,190425.4,19570.31
5CD,2003,Jul-Sep,222,90373.22,60139.25
5CD,2003,Oct-Dec,222,25819.41,7878.06
5CD,2004,Oct-Dec,222,86780.89,16036.89
5CD,2004,Apr-Jun,222,147330.5,25628.35
5CD,2004,Jan-Mar,222,194718.22,8225.56
5CD,2004,Jul-Sep,222,67951.22,9630.68
5CD,2005,Oct-Dec,222,110106.6,19233.27
5CD,2005,Jul-Sep,222,171788.16,19443.79
5CD,2005,Apr-Jun,222,303684.47,13438.35
5CD,2005,Jan-Mar,222,97120.98,3648.26
5CD,2006,Apr-Jun,222,311195.38,5455.44
5CD,2006,Jan-Mar,222,162992.91,1769.03
5CD,2006,Jul-Sep,222,74216.86,6894.66
5CD,2006,Oct-Dec,222,118401.1,3040.48
5E,1995,Jan-Mar,222,5040.35,2.72
5E,1996,Apr-Jun,222,1710.69,300.28
5E,1996,Jan-Mar,222,1141.96,239.03
5E,1996,Jul-Sep,222,289.49,17.69
5E,1996,Oct-Dec,222,1603.2,46.26
5E,1997,Jul-Sep,222,48.57,7.26
5E,1997,Oct-Dec,222,1572.8,152.88
5E,1997,Jan-Mar,222,2469.45,210.04
5E,1997,Apr-Jun,222,149.45,5.45
5E,1998,Jan-Mar,222,2132.8,4.08
5E,1998,Jul-Sep,222,100.2,14.06
5E,1998,Oct-Dec,222,1644.17,83.01
5E,1998,Apr-Jun,222,208.46,36.29
5E,1999,Jan-Mar,222,1339.68,6.81
5E,1999,Jul-Sep,222,117.01,0
5E,1999,Apr-Jun,222,936.36,0
5E,1999,Oct-Dec,222,797.45,2.27
5E,2000,Apr-Jun,222,377.11,205.03
5E,2000,Jan-Mar,222,406.25,22.21
5E,2000,Jul-Sep,222,149.9,2.27
5E,2000,Oct-Dec,222,61.84,1.81
5E,2001,Apr-Jun,222,118.39,8.13
5E,2001,Oct-Dec,222,266.38,5.43
5E,2001,Jul-Sep,222,6.22,0
5E,2001,Jan-Mar,222,1017.14,30.81
5E,2002,Apr-Jun,222,89.23,9.51
5E,2002,Jan-Mar,222,1381.07,358.78
5E,2002,Jul-Sep,222,25.8,11.79
5E,2002,Oct-Dec,222,140.85,4.99
5E,2003,Apr-Jun,222,119.7,17.7
5E,2003,Jan-Mar,222,2793.63,153.31
5E,2003,Jul-Sep,222,782.19,104.32
5E,2003,Oct-Dec,222,1362.98,93.43
5E,2004,Jul-Sep,222,174.61,17.68
5E,2004,Oct-Dec,222,1121.72,70.3
5E,2004,Jan-Mar,222,1037.52,102.97
5E,2004,Apr-Jun,222,305.06,24.51
5E,2005,Jan-Mar,222,1281.09,103.87
5E,2005,Jul-Sep,222,171.46,10.89
5E,2005,Oct-Dec,222,1114.7,16.33
5E,2005,Apr-Jun,222,131.45,9.52
5E,2006,Apr-Jun,222,599.35,4.08
5E,2006,Jan-Mar,222,400.73,75.31
5E,2006,Jul-Sep,222,19.44,0
5E,2006,Oct-Dec,222,301.89,34.02
5U,1999,Jul-Sep,222,129.35,0
5U,1999,Oct-Dec,222,6.28,0
5U,2001,Jul-Sep,222,21.51,0
5U,2002,Jan-Mar,222,4.99,0
5U,2003,Oct-Dec,222,173,0
3CD,2007,Apr-Jun,222,20242.52,2087.01
3CD,2007,Jan-Mar,222,13578.5,2972.02
3CD,2007,Jul-Sep,222,10113.58,4739.61
3CD,2007,Oct-Dec,222,10059.96,3128.95
3CD,2008,Apr-Jun,222,15242.74,1477.81
3CD,2008,Jan-Mar,222,28930.37,1443.33
3CD,2008,Jul-Sep,222,46429.24,2992.8
3CD,2008,Oct-Dec,222,13424.03,686.3
3CD,2009,Apr-Jun,222,183144.53,24683.32
3CD,2009,Jan-Mar,222,70521.53,3352.11
3CD,2009,Jul-Sep,222,63261.44,18958.89
3CD,2009,Oct-Dec,222,46601.81,9101.44
3CD,2010,Apr-Jun,222,250045.43,12996.37
3CD,2010,Jan-Mar,222,151558.48,1902.42
3CD,2010,Jul-Sep,222,89045.32,5459.99
3CD,2010,Oct-Dec,222,80670.82,4210.35
3CD,2011,Apr-Jun,222,281076.74,4618.9
3CD,2011,Jan-Mar,222,32824.15,387.45
3CD,2011,Jul-Sep,222,153809.56,2379.58
3CD,2011,Oct-Dec,222,28243.17,2016.66
3CD,2012,Apr-Jun,222,220361.92,4643.44
3CD,2012,Jan-Mar,222,43682.62,1340.47
3CD,2012,Jul-Sep,222,97357.92,8980.77
3CD,2012,Oct-Dec,222,30629.5,3542.14
3CD,2013,Apr-Jun,222,147355.08,5815.59
3CD,2013,Jan-Mar,222,17026.61,114.31
3CD,2013,Jul-Sep,222,129955.08,15284.71
3CD,2013,Oct-Dec,222,47132.02,6909.63
4B,2000,Oct-Dec,222,1.56,0
4B,2001,Oct-Dec,222,1.95,0
4B,2007,Apr-Jun,222,399.71,11.34
4B,2007,Jan-Mar,222,257.03,111.13
4B,2007,Jul-Sep,222,506.17,3.63
4B,2007,Oct-Dec,222,565.82,690.84
4B,2008,Apr-Jun,222,559.26,15.42
4B,2008,Jan-Mar,222,166.64,107.05
4B,2008,Jul-Sep,222,641.61,22.68
4B,2008,Oct-Dec,222,651.3,19.95
4B,2009,Apr-Jun,222,804.04,136.56
4B,2009,Jan-Mar,222,1445.73,1441.51
4B,2009,Jul-Sep,222,996.27,536.65
4B,2009,Oct-Dec,222,1346.75,727.64
4B,2010,Apr-Jun,222,1868.47,146.06
4B,2010,Jan-Mar,222,1459.41,373.77
4B,2010,Jul-Sep,222,1071.01,73
4B,2010,Oct-Dec,222,1269.76,81.17
4B,2011,Apr-Jun,222,1110.44,52.59
4B,2011,Jan-Mar,222,1008.15,341.56
4B,2011,Jul-Sep,222,820.26,29.48
4B,2011,Oct-Dec,222,1265.67,31.29
4B,2012,Apr-Jun,222,1470.41,126.08
4B,2012,Jan-Mar,222,804.67,329.28
4B,2012,Jul-Sep,222,663.24,19.05
4B,2012,Oct-Dec,222,634.75,21.31
4B,2013,Apr-Jun,222,1108.14,36.69
4B,2013,Jan-Mar,222,177.99,234.01
4B,2013,Jul-Sep,222,659.71,1.36
4B,2013,Oct-Dec,222,1341.01,55.33
5AB,2007,Apr-Jun,222,20298.34,1366.31
5AB,2007,Jan-Mar,222,1124.72,201.85
5AB,2007,Jul-Sep,222,42804.86,3792.57
5AB,2007,Oct-Dec,222,7790.45,938.92
5AB,2008,Apr-Jun,222,7267.91,1406.15
5AB,2008,Jan-Mar,222,3929.28,487.21
5AB,2008,Jul-Sep,222,15278.28,1596.15
5AB,2008,Oct-Dec,222,4691.86,68.96
5AB,2009,Apr-Jun,222,26930.36,6245.66
5AB,2009,Jan-Mar,222,31961.04,2118.72
5AB,2009,Jul-Sep,222,46835.57,8126.61
5AB,2009,Oct-Dec,222,23035.4,8230.05
5AB,2010,Apr-Jun,222,131612.33,6614.91
5AB,2010,Jan-Mar,222,16510.06,299.43
5AB,2010,Jul-Sep,222,238204.82,10061.32
5AB,2010,Oct-Dec,222,86269.98,1862.12
5AB,2011,Apr-Jun,222,90554.09,1062.77
5AB,2011,Jan-Mar,222,1996.13,44.91
5AB,2011,Jul-Sep,222,227374.16,951.66
5AB,2011,Oct-Dec,222,42328.34,441.84
5AB,2012,Apr-Jun,222,37905.57,1351.32
5AB,2012,Jan-Mar,222,3497.46,595.13
5AB,2012,Jul-Sep,222,100381.62,2104.26
5AB,2012,Oct-Dec,222,32524.09,256.28
5AB,2013,Apr-Jun,222,78150.74,2020.3
5AB,2013,Jan-Mar,222,555.45,477.18
5AB,2013,Jul-Sep,222,134773.23,1412.49
5AB,2013,Oct-Dec,222,30170.87,167.42
5CD,2007,Apr-Jun,222,75631.47,1687.44
5CD,2007,Jan-Mar,222,86267.01,1451.98
5CD,2007,Jul-Sep,222,28636.76,3745.33
5CD,2007,Oct-Dec,222,103464.99,1586.22
5CD,2008,Apr-Jun,222,27016.39,649.53
5CD,2008,Jan-Mar,222,128493.55,771.61
5CD,2008,Jul-Sep,222,88766.37,1725.47
5CD,2008,Oct-Dec,222,30066.93,620.52
5CD,2009,Apr-Jun,222,147120.69,5101.6
5CD,2009,Jan-Mar,222,139162.18,222.7
5CD,2009,Jul-Sep,222,196488.99,9382.65
5CD,2009,Oct-Dec,222,53140.59,251.27
5CD,2010,Apr-Jun,222,458614.32,12934.22
5CD,2010,Jan-Mar,222,99853.68,180.08
5CD,2010,Jul-Sep,222,373027.1,16076.72
5CD,2010,Oct-Dec,222,42549.5,513.44
5CD,2011,Apr-Jun,222,380275.89,2825.01
5CD,2011,Jan-Mar,222,89377.96,80.73
5CD,2011,Jul-Sep,222,312559.3,1133.54
5CD,2011,Oct-Dec,222,82458.42,410.49
5CD,2012,Apr-Jun,222,291240.97,4211.21
5CD,2012,Jan-Mar,222,97763.1,415.46
5CD,2012,Jul-Sep,222,284537.5,2678.98
5CD,2012,Oct-Dec,222,19210.72,320.68
5CD,2013,Apr-Jun,222,224169.76,9054.59
5CD,2013,Jan-Mar,222,17269.94,113.41
5CD,2013,Jul-Sep,222,234434.97,7032.07
5CD,2013,Oct-Dec,222,69387.8,489.9
5E,2007,Apr-Jun,222,80.53,0
5E,2007,Jan-Mar,222,730.65,52.17
5E,2007,Jul-Sep,222,9.19,0
5E,2007,Oct-Dec,222,183.72,1116.75
5E,2008,Apr-Jun,222,45.58,8.61
5E,2008,Jan-Mar,222,2459.11,25.86
5E,2008,Jul-Sep,222,62.39,1.36
5E,2008,Oct-Dec,222,587.62,0
5E,2009,Apr-Jun,222,114.35,38.56
5E,2009,Jan-Mar,222,1905.99,39.92
5E,2009,Jul-Sep,222,40.48,0
5E,2009,Oct-Dec,222,439.38,4.08
5E,2010,Apr-Jun,222,442.08,0
5E,2010,Jan-Mar,222,1073.49,64.41
5E,2010,Jul-Sep,222,62.99,6.8
5E,2010,Oct-Dec,222,425.56,0.91
5E,2011,Apr-Jun,222,37.88,4.54
5E,2011,Jan-Mar,222,2149.07,8.61
5E,2011,Jul-Sep,222,31.98,0.91
5E,2011,Oct-Dec,222,226.86,0
5E,2012,Apr-Jun,222,119.46,2.27
5E,2012,Jan-Mar,222,1782.41,42.19
5E,2012,Jul-Sep,222,20.29,7.26
5E,2012,Oct-Dec,222,400.55,25.41
5E,2013,Apr-Jun,222,4.37,0
5E,2013,Jan-Mar,222,1345.96,205.03
5E,2013,Jul-Sep,222,78.51,0
5E,2013,Oct-Dec,222,318.44,0
5U,,,222,2.22,0
5U,2007,Apr-Jun,222,630.65,0
5U,2007,Jan-Mar,222,507.61,0
5U,2007,Jul-Sep,222,172.64,0
5U,2007,Oct-Dec,222,338.03,0
5U,2008,Apr-Jun,222,698.07,0
5U,2008,Jan-Mar,222,1120.56,0
5U,2008,Jul-Sep,222,111.14,0
5U,2008,Oct-Dec,222,74.16,0
5U,2009,Apr-Jun,222,195.32,0
5U,2009,Jan-Mar,222,1547.9,0
5U,2009,Jul-Sep,222,1599.69,4.53
5U,2009,Oct-Dec,222,393.16,0
5U,2010,Apr-Jun,222,608.39,0
5U,2010,Jan-Mar,222,342.71,0
5U,2010,Jul-Sep,222,468.79,0
5U,2010,Oct-Dec,222,387.88,0
5U,2011,Apr-Jun,222,427.97,0
5U,2011,Jan-Mar,222,656.48,0
5U,2011,Jul-Sep,222,649.88,0
5U,2011,Oct-Dec,222,485.76,0
5U,2012,Apr-Jun,222,115.49,0
5U,2012,Jan-Mar,222,417.9,0
5U,2012,Jul-Sep,222,1295.1,0
5U,2012,Oct-Dec,222,2302.55,0
5U,2013,Apr-Jun,222,1551.16,0
5U,2013,Jan-Mar,222,375.43,0
5U,2013,Jul-Sep,222,3115.9,0
5U,2013,Oct-Dec,222,197.5,0
